[
{
    "model": "store.user",
    "pk": 1,
    "fields": {
        "password": "pbkdf2_sha256$180000$KEitrjQbUKTJ$XVT8jB/IOs8aCsngllExTVfGBIY8BfYmLytY0xBFUIQ=",
        "last_login": "2021-11-09T09:43:32.336Z",
        "email": "mdamaan00@gmail.com",
        "first_name": "Mohammad",
        "last_name": "Amaan",
        "date_joined": "2021-03-20T13:54:20Z",
        "is_admin": true,
        "is_staff": true,
        "is_active": true
    }
},
{
    "model": "store.user",
    "pk": 2,
    "fields": {
        "password": "pbkdf2_sha256$216000$t3wNGmScZvIp$L00NX7pvqbSewFLnUseQIxcky/ZqGDC9UCM5GGoFESA=",
        "last_login": "2021-06-11T16:49:27.996Z",
        "email": "yourfriendhit@gmail.com",
        "first_name": "Mohammad",
        "last_name": "Amaan",
        "date_joined": "2021-03-20T13:56:03.874Z",
        "is_admin": false,
        "is_staff": false,
        "is_active": true
    }
},
{
    "model": "store.user",
    "pk": 3,
    "fields": {
        "password": "pbkdf2_sha256$216000$H9n1se21BnXx$TDgCev+ieKgj7+EGXLkhHBI98sRtJbmFg4i9d1xzP0o=",
        "last_login": "2021-04-30T07:39:29.257Z",
        "email": "atharvavichare57@gmail.com",
        "first_name": "Atharva",
        "last_name": "Vichare",
        "date_joined": "2021-03-29T16:24:07Z",
        "is_admin": true,
        "is_staff": true,
        "is_active": true
    }
},
{
    "model": "store.user",
    "pk": 6,
    "fields": {
        "password": "pbkdf2_sha256$216000$2csdvXctqvYl$zfvrN7c19HymjMLDIMg6Rim9lYENsoT8JTlMBJMtti0=",
        "last_login": "2021-06-08T13:19:38.962Z",
        "email": "faizankka123@gmail.com",
        "first_name": "Mohammad Faizan",
        "last_name": "Ansari",
        "date_joined": "2021-05-29T10:11:14.150Z",
        "is_admin": false,
        "is_staff": false,
        "is_active": true
    }
},
{
    "model": "store.user",
    "pk": 7,
    "fields": {
        "password": "pbkdf2_sha256$216000$Vk9iOgF0Wuxz$6tyfLqP+r3Y+Sof43h77VQy3KihEfWbj0JMuDiacqNs=",
        "last_login": "2021-06-02T15:06:24.794Z",
        "email": "atul.rathour.98@gmail.com",
        "first_name": "Atul",
        "last_name": "Rathour",
        "date_joined": "2021-06-02T15:06:24.634Z",
        "is_admin": false,
        "is_staff": false,
        "is_active": true
    }
},
{
    "model": "store.user",
    "pk": 8,
    "fields": {
        "password": "pbkdf2_sha256$216000$p1DjnXIYG1Mw$69x8lZXqVr7AYnpYmaf/7zq8dOjLhhBzBqZfSpr5cpQ=",
        "last_login": "2021-06-09T17:15:20.552Z",
        "email": "mdamaan735@gmail.com",
        "first_name": "Mohammad",
        "last_name": "Amaan",
        "date_joined": "2021-06-09T16:58:08.263Z",
        "is_admin": false,
        "is_staff": false,
        "is_active": true
    }
},
{
    "model": "store.user",
    "pk": 9,
    "fields": {
        "password": "pbkdf2_sha256$216000$kNmnrDBA9Zhm$Kc14UOGxsaXqI+5mT9wiIRi10+0PV60MgGVrYPtolF0=",
        "last_login": "2021-06-10T10:50:25.429Z",
        "email": "gauravrai358@gmail.com",
        "first_name": "Gaurav",
        "last_name": "Rai",
        "date_joined": "2021-06-10T10:50:25.190Z",
        "is_admin": false,
        "is_staff": false,
        "is_active": true
    }
},
{
    "model": "store.user",
    "pk": 10,
    "fields": {
        "password": "pbkdf2_sha256$216000$BUCQKIJEJpCl$EcFfoq7+G3gMcyQp7Mzi2rIInSGKeKnQFtAOjojEV0o=",
        "last_login": "2021-07-02T18:20:45.348Z",
        "email": "rathouratul88@gmail.com",
        "first_name": "Atul",
        "last_name": "Rathour",
        "date_joined": "2021-07-02T18:20:44.983Z",
        "is_admin": false,
        "is_staff": false,
        "is_active": true
    }
},
{
    "model": "store.user",
    "pk": 11,
    "fields": {
        "password": "pbkdf2_sha256$216000$zC34kkWjiHkg$dsQoZWEs1/RZ9vCDNQv2uGrmrtfWbGQhxg4vstcFKJ0=",
        "last_login": "2021-07-08T04:41:07.959Z",
        "email": "gauravrai31052000@gmail.com",
        "first_name": "Gaurav",
        "last_name": "Rai",
        "date_joined": "2021-07-04T05:36:33.360Z",
        "is_admin": false,
        "is_staff": false,
        "is_active": true
    }
},
{
    "model": "store.user",
    "pk": 12,
    "fields": {
        "password": "pbkdf2_sha256$216000$a3YgTyjtSggr$i9ECmxbitN/x+KI80UHrbVY7xyc5lSWdTTK+1/AZBbw=",
        "last_login": "2021-07-05T08:26:11.878Z",
        "email": "shiii.089.nas@gmail.com",
        "first_name": "Sheeba",
        "last_name": "Parveen",
        "date_joined": "2021-07-05T08:26:11.613Z",
        "is_admin": false,
        "is_staff": false,
        "is_active": true
    }
},
{
    "model": "store.user",
    "pk": 13,
    "fields": {
        "password": "pbkdf2_sha256$216000$LS9AmuHKCWfs$sIvetNK1m5g0L4gNX1sFwvPi0cMfxIqIBvaNfYYPthU=",
        "last_login": "2021-07-06T14:03:04.695Z",
        "email": "vardhman.sidhu@gmail.com",
        "first_name": "vardman",
        "last_name": "sidhu",
        "date_joined": "2021-07-06T14:03:04.428Z",
        "is_admin": false,
        "is_staff": false,
        "is_active": true
    }
},
{
    "model": "store.user",
    "pk": 14,
    "fields": {
        "password": "pbkdf2_sha256$216000$2SYNK0CWB4Ha$K7ut3I6DV6sFkrlPq9U9CtlMSOBorq47ls+Aomt4P+U=",
        "last_login": "2021-07-08T14:14:56.962Z",
        "email": "abc@gmail.com",
        "first_name": "Ajinkya",
        "last_name": "Thakur",
        "date_joined": "2021-07-08T14:14:56.370Z",
        "is_admin": false,
        "is_staff": false,
        "is_active": true
    }
},
{
    "model": "store.categories",
    "pk": 1,
    "fields": {
        "category": "Sarees"
    }
},
{
    "model": "store.categories",
    "pk": 2,
    "fields": {
        "category": "Dupatta"
    }
},
{
    "model": "store.categories",
    "pk": 3,
    "fields": {
        "category": "Suits"
    }
},
{
    "model": "store.material",
    "pk": 1,
    "fields": {
        "material": "Cotton"
    }
},
{
    "model": "store.material",
    "pk": 2,
    "fields": {
        "material": "Silk"
    }
},
{
    "model": "store.material",
    "pk": 3,
    "fields": {
        "material": "Shiffon"
    }
},
{
    "model": "store.product",
    "pk": 1,
    "fields": {
        "name": "Banarsi Saree",
        "description": "This is a good saree",
        "category": 1,
        "material": 1,
        "price": "1800.00",
        "stock": 49,
        "available": true,
        "digital": false,
        "dyeable": false,
        "image": "Saree_KTmwzHD.jpg"
    }
},
{
    "model": "store.product",
    "pk": 2,
    "fields": {
        "name": "Cotton saree",
        "description": "This is saree",
        "category": 1,
        "material": 2,
        "price": "2000.00",
        "stock": 33,
        "available": true,
        "digital": false,
        "dyeable": true,
        "image": "IMG-20200914-WA0026.jpg"
    }
},
{
    "model": "store.product",
    "pk": 3,
    "fields": {
        "name": "Saree 2.0",
        "description": "This is saree",
        "category": 1,
        "material": 2,
        "price": "2000.00",
        "stock": 41,
        "available": true,
        "digital": false,
        "dyeable": true,
        "image": "IMG-20201001-WA0014.jpg"
    }
},
{
    "model": "store.product",
    "pk": 4,
    "fields": {
        "name": "Saree 3.0",
        "description": "New Saree",
        "category": 1,
        "material": 1,
        "price": "2500.00",
        "stock": 25,
        "available": true,
        "digital": false,
        "dyeable": false,
        "image": "IMG-20200914-WA0021.jpg"
    }
},
{
    "model": "store.product",
    "pk": 5,
    "fields": {
        "name": "Saree 4",
        "description": "asdasdasdasdadadfc",
        "category": 1,
        "material": 3,
        "price": "490.00",
        "stock": 42,
        "available": true,
        "digital": false,
        "dyeable": true,
        "image": "IMG-20200914-WA0022.jpg"
    }
},
{
    "model": "store.product",
    "pk": 6,
    "fields": {
        "name": "Saree 5",
        "description": "New Saree",
        "category": 1,
        "material": 2,
        "price": "1499.00",
        "stock": 45,
        "available": true,
        "digital": false,
        "dyeable": true,
        "image": "IMG-20200914-WA0019.jpg"
    }
},
{
    "model": "store.product",
    "pk": 8,
    "fields": {
        "name": "Dupatta 1",
        "description": "This is a nice dupatta",
        "category": 2,
        "material": 1,
        "price": "500.00",
        "stock": 43,
        "available": true,
        "digital": false,
        "dyeable": false,
        "image": "IMG-20201001-WA0015.jpg"
    }
},
{
    "model": "store.product",
    "pk": 9,
    "fields": {
        "name": "Saree Semi Kora 1",
        "description": "At vero eos et accusamus et iusto odio dignissimos ducimus qui blanditiis praesentium voluptatum deleniti atque corrupti quos dolores et quas molestias excepturi sint occaecati cupiditate non provident, similique sunt in culpa qui officia deserunt mollitia animi, id est laborum et dolorum fuga. Et h",
        "category": 1,
        "material": 2,
        "price": "1300.00",
        "stock": 50,
        "available": true,
        "digital": false,
        "dyeable": false,
        "image": "PicsArt_04-11-11.57.31.jpg"
    }
},
{
    "model": "store.product",
    "pk": 10,
    "fields": {
        "name": "Saree Semi Kora 2",
        "description": "At vero eos et accusamus et iusto odio dignissimos ducimus qui blanditiis praesentium voluptatum deleniti atque corrupti quos dolores et quas molestias excepturi sint occaecati cupiditate non provident, similique sunt in culpa qui officia deserunt mollitia animi, id est laborum et dolorum fuga. Et h",
        "category": 1,
        "material": 3,
        "price": "1000.00",
        "stock": 50,
        "available": true,
        "digital": false,
        "dyeable": true,
        "image": "PicsArt_04-11-12.09.44.jpg"
    }
},
{
    "model": "store.product",
    "pk": 11,
    "fields": {
        "name": "Saree Semi Kora 3",
        "description": "At vero eos et accusamus et iusto odio dignissimos ducimus qui blanditiis praesentium voluptatum deleniti atque corrupti quos dolores et quas molestias excepturi sint occaecati cupiditate non provident, similique sunt in culpa qui officia deserunt mollitia animi, id est laborum et dolorum fuga. Et h",
        "category": 1,
        "material": 2,
        "price": "1800.00",
        "stock": 42,
        "available": true,
        "digital": false,
        "dyeable": false,
        "image": "PicsArt_04-11-12.00.48.jpg"
    }
},
{
    "model": "store.product",
    "pk": 12,
    "fields": {
        "name": "Saree Semi Kora 4",
        "description": "At vero eos et accusamus et iusto odio dignissimos ducimus qui blanditiis praesentium voluptatum deleniti atque corrupti quos dolores et quas molestias excepturi sint occaecati cupiditate non provident, similique sunt in culpa qui officia deserunt mollitia animi, id est laborum et dolorum fuga. Et h",
        "category": 1,
        "material": 3,
        "price": "1500.00",
        "stock": 48,
        "available": true,
        "digital": false,
        "dyeable": false,
        "image": "PicsArt_04-11-12.12.26.jpg"
    }
},
{
    "model": "store.product",
    "pk": 13,
    "fields": {
        "name": "Saree Semi Kora 5",
        "description": "At vero eos et accusamus et iusto odio dignissimos ducimus qui blanditiis praesentium voluptatum deleniti atque corrupti quos dolores et quas molestias excepturi sint occaecati cupiditate non provident, similique sunt in culpa qui officia deserunt mollitia animi, id est laborum et dolorum fuga. Et h",
        "category": 1,
        "material": 1,
        "price": "1799.00",
        "stock": 47,
        "available": true,
        "digital": false,
        "dyeable": false,
        "image": "PicsArt_04-11-12.05.27.jpg"
    }
},
{
    "model": "store.shippingaddress",
    "pk": 86,
    "fields": {
        "customer": 6,
        "first_name": "Faizan",
        "last_name": "Ansari",
        "address": "Room-2,Block-8,Transit camp, Byculla Station road(w)",
        "phonenumber": "09930003985",
        "city": "MUMBAI",
        "state": "Maharashtra",
        "zipcode": "400011",
        "date_added": "2021-05-29"
    }
},
{
    "model": "store.shippingaddress",
    "pk": 90,
    "fields": {
        "customer": 7,
        "first_name": "Atul",
        "last_name": "Rathour",
        "address": "1005 A wing Lotus, AND Agasan Diva",
        "phonenumber": "9699613395",
        "city": "Thane",
        "state": "Maharashtra",
        "zipcode": "400612",
        "date_added": "2021-06-02"
    }
},
{
    "model": "store.shippingaddress",
    "pk": 94,
    "fields": {
        "customer": 8,
        "first_name": "Mohammad",
        "last_name": "Amaan",
        "address": "C-204,Shelter Arcade,Plot-26,sec-42,Nerul",
        "phonenumber": "+919167389505",
        "city": "Thane",
        "state": "Maharashtra",
        "zipcode": "400706",
        "date_added": "2021-06-09"
    }
},
{
    "model": "store.shippingaddress",
    "pk": 95,
    "fields": {
        "customer": 8,
        "first_name": "Faizan",
        "last_name": "Ansari",
        "address": "Room-2,Block-8,Transit camp, Byculla Station road(w)",
        "phonenumber": "09930003985",
        "city": "MUMBAI",
        "state": "Maharashtra",
        "zipcode": "400011",
        "date_added": "2021-06-09"
    }
},
{
    "model": "store.shippingaddress",
    "pk": 97,
    "fields": {
        "customer": 9,
        "first_name": "Mohammad",
        "last_name": "Amaan",
        "address": "C-204,Shelter Arcade,Plot-26,sec-42,Nerul",
        "phonenumber": "+919167389505",
        "city": "Thane",
        "state": "Maharashtra",
        "zipcode": "400706",
        "date_added": "2021-06-10"
    }
},
{
    "model": "store.shippingaddress",
    "pk": 100,
    "fields": {
        "customer": 2,
        "first_name": "Mohammad",
        "last_name": "Amaan",
        "address": "C-204,Shelter Arcade,Plot-26,sec-42,Nerul",
        "phonenumber": "+919167389505",
        "city": "Thane",
        "state": "Maharashtra",
        "zipcode": "400706",
        "date_added": "2021-06-11"
    }
},
{
    "model": "store.shippingaddress",
    "pk": 102,
    "fields": {
        "customer": 2,
        "first_name": "Mohammad",
        "last_name": "Amaan",
        "address": "C-204,Shelter Arcade,Plot-26,sec-42,Nerul",
        "phonenumber": "+919167389505",
        "city": "Thane",
        "state": "Maharashtra",
        "zipcode": "400706",
        "date_added": "2021-06-12"
    }
},
{
    "model": "store.shippingaddress",
    "pk": 104,
    "fields": {
        "customer": 10,
        "first_name": "Atul",
        "last_name": "Rathour",
        "address": "1005 A wing Lotus, AND Agasan Diva",
        "phonenumber": "9699613395",
        "city": "Thane",
        "state": "Maharashtra",
        "zipcode": "400612",
        "date_added": "2021-07-02"
    }
},
{
    "model": "store.shippingaddress",
    "pk": 105,
    "fields": {
        "customer": 11,
        "first_name": "Gaurav",
        "last_name": "Rai",
        "address": "410,ganesh krupa soc,ganesh wadi,opp korum mall,nitin company,thane(w)",
        "phonenumber": "8692983343",
        "city": "Azamgarg",
        "state": "Meghalaya",
        "zipcode": "5545",
        "date_added": "2021-07-04"
    }
},
{
    "model": "store.shippingaddress",
    "pk": 106,
    "fields": {
        "customer": 12,
        "first_name": "Sheeba",
        "last_name": "Parveen",
        "address": "J.21/269A Rasoolpura jaitpura",
        "phonenumber": "08423449133",
        "city": "Varanasi",
        "state": "Uttar Pradesh",
        "zipcode": "221001",
        "date_added": "2021-07-05"
    }
},
{
    "model": "store.shippingaddress",
    "pk": 107,
    "fields": {
        "customer": 13,
        "first_name": "Vardman",
        "last_name": "Sidhu",
        "address": "Railway COlony",
        "phonenumber": "8928247542",
        "city": "Mumbai",
        "state": "Maharashtra",
        "zipcode": "400012",
        "date_added": "2021-07-06"
    }
},
{
    "model": "store.shippingaddress",
    "pk": 108,
    "fields": {
        "customer": 14,
        "first_name": "Ajinkya",
        "last_name": "Thakur",
        "address": "xyz",
        "phonenumber": "1237895648",
        "city": "Mumbai",
        "state": "Maharashtra",
        "zipcode": "421201",
        "date_added": "2021-07-08"
    }
},
{
    "model": "store.shippingaddress",
    "pk": 109,
    "fields": {
        "customer": 1,
        "first_name": "Mohammad",
        "last_name": "Amaan",
        "address": "C-204,Shelter Arcade,Plot-26,sec-42,Nerul",
        "phonenumber": "+919167389505",
        "city": "Thane",
        "state": "Maharashtra",
        "zipcode": "400706",
        "date_added": "2021-08-21"
    }
},
{
    "model": "store.shippingaddress",
    "pk": 110,
    "fields": {
        "customer": 1,
        "first_name": "Mohammad",
        "last_name": "+91",
        "address": "C-204,Shelter Arcade,Plot-26,sec-42,Nerul,Navi Mumbai",
        "phonenumber": "+919167389505",
        "city": "Thane",
        "state": "Maharashtra",
        "zipcode": "400706",
        "date_added": "2021-08-21"
    }
},
{
    "model": "store.reviews",
    "pk": 31,
    "fields": {
        "customer": 8,
        "product": 2,
        "comment": "Good",
        "date_added": "2021-05-21",
        "rating": 5
    }
},
{
    "model": "store.reviews",
    "pk": 38,
    "fields": {
        "customer": 6,
        "product": 2,
        "comment": "WOW",
        "date_added": "2021-05-31",
        "rating": 5
    }
},
{
    "model": "store.reviews",
    "pk": 45,
    "fields": {
        "customer": 1,
        "product": 5,
        "comment": "nice",
        "date_added": "2021-05-31",
        "rating": 4
    }
},
{
    "model": "store.reviews",
    "pk": 49,
    "fields": {
        "customer": 1,
        "product": 4,
        "comment": "GOOOD",
        "date_added": "2021-06-28",
        "rating": 5
    }
},
{
    "model": "store.reviews",
    "pk": 50,
    "fields": {
        "customer": 1,
        "product": 2,
        "comment": "Test review 2",
        "date_added": "2021-07-04",
        "rating": 5
    }
},
{
    "model": "store.reviews",
    "pk": 51,
    "fields": {
        "customer": 1,
        "product": 2,
        "comment": "Good",
        "date_added": "2021-07-04",
        "rating": 2
    }
},
{
    "model": "store.reviews",
    "pk": 53,
    "fields": {
        "customer": 1,
        "product": 3,
        "comment": "good",
        "date_added": "2021-07-12",
        "rating": 5
    }
},
{
    "model": "store.reviews",
    "pk": 54,
    "fields": {
        "customer": 1,
        "product": 2,
        "comment": "MAST\r\n",
        "date_added": "2021-09-28",
        "rating": 5
    }
},
{
    "model": "store.alladdresses",
    "pk": 36,
    "fields": {
        "customer": 1,
        "first_name": "Mohammad",
        "last_name": "Amaan",
        "address": "C-204,Shelter Arcade,Plot-26,sec-42,Nerul",
        "phonenumber": "+919167389505",
        "city": "Thane",
        "state": "Maharashtra",
        "zipcode": "400706",
        "date_added": "2021-05-22",
        "mainaddressmodel": null
    }
},
{
    "model": "store.alladdresses",
    "pk": 37,
    "fields": {
        "customer": 1,
        "first_name": "Mohammad",
        "last_name": "Amaan",
        "address": "C-204,Shelter Arcade,Plot-26,sec-42,Nerul",
        "phonenumber": "+919167389505",
        "city": "Thane",
        "state": "Maharashtra",
        "zipcode": "400706",
        "date_added": "2021-05-22",
        "mainaddressmodel": null
    }
},
{
    "model": "store.alladdresses",
    "pk": 38,
    "fields": {
        "customer": 1,
        "first_name": "Mohammad",
        "last_name": "Amaan",
        "address": "C-204,Shelter Arcade,Plot-26,sec-42,Nerul",
        "phonenumber": "345345345",
        "city": "Thane",
        "state": "Maharashtra",
        "zipcode": "400706",
        "date_added": "2021-05-22",
        "mainaddressmodel": null
    }
},
{
    "model": "store.alladdresses",
    "pk": 39,
    "fields": {
        "customer": 1,
        "first_name": "Mohammad",
        "last_name": "Amaan",
        "address": "C-204,Shelter Arcade,Plot-26,sec-42,Nerul",
        "phonenumber": "+919167389505",
        "city": "Thane",
        "state": "Maharashtra",
        "zipcode": "400706",
        "date_added": "2021-05-22",
        "mainaddressmodel": null
    }
},
{
    "model": "store.alladdresses",
    "pk": 40,
    "fields": {
        "customer": 1,
        "first_name": "Faizan",
        "last_name": "Ansari",
        "address": "Room-2,Block-8,Transit camp, Byculla Station road(w), Sushanthi Church, Mumbai",
        "phonenumber": "09930003985",
        "city": "MUMBAI",
        "state": "Maharashtra",
        "zipcode": "400011",
        "date_added": "2021-05-25",
        "mainaddressmodel": null
    }
},
{
    "model": "store.alladdresses",
    "pk": 41,
    "fields": {
        "customer": 1,
        "first_name": "Mohammad",
        "last_name": "+91",
        "address": "C-204,Shelter Arcade,Plot-26,sec-42,Nerul,Navi Mumbai",
        "phonenumber": "+919167389505",
        "city": "Thane",
        "state": "Maharashtra",
        "zipcode": "400706",
        "date_added": "2021-05-25",
        "mainaddressmodel": null
    }
},
{
    "model": "store.alladdresses",
    "pk": 42,
    "fields": {
        "customer": 1,
        "first_name": "Faizan",
        "last_name": "Ansari",
        "address": "Room-2,Block-8,Transit camp, Byculla Station road(w), Sushanthi Church, Mumbai",
        "phonenumber": "09930003985",
        "city": "MUMBAI",
        "state": "Maharashtra",
        "zipcode": "400011",
        "date_added": "2021-05-25",
        "mainaddressmodel": null
    }
},
{
    "model": "store.alladdresses",
    "pk": 43,
    "fields": {
        "customer": 1,
        "first_name": "Mohammad",
        "last_name": "Arif",
        "address": "Seawoods,near D Mart, Shelter Arcade",
        "phonenumber": "06452136494",
        "city": "Navi Mumbai",
        "state": "Maharashtra",
        "zipcode": "400706",
        "date_added": "2021-05-25",
        "mainaddressmodel": null
    }
},
{
    "model": "store.alladdresses",
    "pk": 44,
    "fields": {
        "customer": 1,
        "first_name": "Mohammad",
        "last_name": "Arif",
        "address": "Seawoods,near D Mart, Shelter Arcade",
        "phonenumber": "06452136494",
        "city": "Navi Mumbai",
        "state": "Maharashtra",
        "zipcode": "400706",
        "date_added": "2021-05-27",
        "mainaddressmodel": null
    }
},
{
    "model": "store.alladdresses",
    "pk": 45,
    "fields": {
        "customer": 1,
        "first_name": "Faizan",
        "last_name": "Ansari",
        "address": "Room-2,Block-8,Transit camp, Byculla Station road(w), Sushanthi Church, Mumbai",
        "phonenumber": "09930003985",
        "city": "MUMBAI",
        "state": "Maharashtra",
        "zipcode": "400011",
        "date_added": "2021-05-27",
        "mainaddressmodel": null
    }
},
{
    "model": "store.alladdresses",
    "pk": 46,
    "fields": {
        "customer": 6,
        "first_name": "Faizan",
        "last_name": "Ansari",
        "address": "Room-2,Block-8,Transit camp, Byculla Station road(w)",
        "phonenumber": "09930003985",
        "city": "MUMBAI",
        "state": "Maharashtra",
        "zipcode": "400011",
        "date_added": "2021-05-29",
        "mainaddressmodel": 86
    }
},
{
    "model": "store.alladdresses",
    "pk": 47,
    "fields": {
        "customer": 1,
        "first_name": "Mohammad",
        "last_name": "Amaan",
        "address": "C-204,Shelter Arcade,Plot-26,sec-42,Nerul",
        "phonenumber": "+919167389505",
        "city": "Thane",
        "state": "Maharashtra",
        "zipcode": "400706",
        "date_added": "2021-05-31",
        "mainaddressmodel": null
    }
},
{
    "model": "store.alladdresses",
    "pk": 48,
    "fields": {
        "customer": 1,
        "first_name": "Faizan",
        "last_name": "Ansari",
        "address": "Room-2,Block-8,Transit camp, Byculla Station road(w), Sushanthi Church, Mumbai",
        "phonenumber": "09930003985",
        "city": "MUMBAI",
        "state": "Maharashtra",
        "zipcode": "400011",
        "date_added": "2021-06-01",
        "mainaddressmodel": null
    }
},
{
    "model": "store.alladdresses",
    "pk": 49,
    "fields": {
        "customer": 1,
        "first_name": "Mohammad",
        "last_name": "Amaan",
        "address": "C-204,Shelter Arcade,Plot-26,sec-42,Nerul,Navi Mumbai",
        "phonenumber": "+919167389505",
        "city": "Thane",
        "state": "Maharashtra",
        "zipcode": "400706",
        "date_added": "2021-06-01",
        "mainaddressmodel": null
    }
},
{
    "model": "store.alladdresses",
    "pk": 50,
    "fields": {
        "customer": 7,
        "first_name": "Atul",
        "last_name": "Rathour",
        "address": "1005 A wing Lotus, AND Agasan Diva",
        "phonenumber": "9699613395",
        "city": "Thane",
        "state": "Maharashtra",
        "zipcode": "400612",
        "date_added": "2021-06-02",
        "mainaddressmodel": 90
    }
},
{
    "model": "store.alladdresses",
    "pk": 51,
    "fields": {
        "customer": 2,
        "first_name": "Mohammad",
        "last_name": "Amaan",
        "address": "C-204,Shelter Arcade,Plot-26,sec-42,Nerul",
        "phonenumber": "+919167389505",
        "city": "Thane",
        "state": "Maharashtra",
        "zipcode": "400706",
        "date_added": "2021-06-08",
        "mainaddressmodel": null
    }
},
{
    "model": "store.alladdresses",
    "pk": 52,
    "fields": {
        "customer": 1,
        "first_name": "Mohammad",
        "last_name": "Amaan",
        "address": "C-204,Shelter Arcade,Plot-26,sec-42,Nerul",
        "phonenumber": "+919167389505",
        "city": "Thane",
        "state": "Maharashtra",
        "zipcode": "400706",
        "date_added": "2021-06-09",
        "mainaddressmodel": null
    }
},
{
    "model": "store.alladdresses",
    "pk": 53,
    "fields": {
        "customer": 1,
        "first_name": "Faizan",
        "last_name": "Ansari",
        "address": "Room-2,Block-8,Transit camp, Byculla Station road(w)",
        "phonenumber": "09930003985",
        "city": "MUMBAI",
        "state": "Maharashtra",
        "zipcode": "400011",
        "date_added": "2021-06-09",
        "mainaddressmodel": null
    }
},
{
    "model": "store.alladdresses",
    "pk": 54,
    "fields": {
        "customer": 8,
        "first_name": "Mohammad",
        "last_name": "Amaan",
        "address": "C-204,Shelter Arcade,Plot-26,sec-42,Nerul",
        "phonenumber": "+919167389505",
        "city": "Thane",
        "state": "Maharashtra",
        "zipcode": "400706",
        "date_added": "2021-06-09",
        "mainaddressmodel": 94
    }
},
{
    "model": "store.alladdresses",
    "pk": 55,
    "fields": {
        "customer": 8,
        "first_name": "Faizan",
        "last_name": "Ansari",
        "address": "Room-2,Block-8,Transit camp, Byculla Station road(w)",
        "phonenumber": "09930003985",
        "city": "MUMBAI",
        "state": "Maharashtra",
        "zipcode": "400011",
        "date_added": "2021-06-09",
        "mainaddressmodel": 95
    }
},
{
    "model": "store.alladdresses",
    "pk": 56,
    "fields": {
        "customer": 1,
        "first_name": "Mohammad",
        "last_name": "Amaan",
        "address": "C-204,Shelter Arcade,Plot-26,sec-42,Nerul",
        "phonenumber": "+919167389505",
        "city": "Thane",
        "state": "Maharashtra",
        "zipcode": "400706",
        "date_added": "2021-06-10",
        "mainaddressmodel": null
    }
},
{
    "model": "store.alladdresses",
    "pk": 57,
    "fields": {
        "customer": 9,
        "first_name": "Mohammad",
        "last_name": "Amaan",
        "address": "C-204,Shelter Arcade,Plot-26,sec-42,Nerul",
        "phonenumber": "+919167389505",
        "city": "Thane",
        "state": "Maharashtra",
        "zipcode": "400706",
        "date_added": "2021-06-10",
        "mainaddressmodel": 97
    }
},
{
    "model": "store.alladdresses",
    "pk": 58,
    "fields": {
        "customer": 1,
        "first_name": "Mohammad",
        "last_name": "Amaan",
        "address": "C-204,Shelter Arcade,Plot-26,sec-42,Nerul",
        "phonenumber": "+919167389505",
        "city": "Thane",
        "state": "Maharashtra",
        "zipcode": "400706",
        "date_added": "2021-06-10",
        "mainaddressmodel": null
    }
},
{
    "model": "store.alladdresses",
    "pk": 59,
    "fields": {
        "customer": 2,
        "first_name": "Mohammad",
        "last_name": "Amaan",
        "address": "C-204,Shelter Arcade,Plot-26,sec-42,Nerul",
        "phonenumber": "+919167389505",
        "city": "Thane",
        "state": "Maharashtra",
        "zipcode": "400706",
        "date_added": "2021-06-10",
        "mainaddressmodel": null
    }
},
{
    "model": "store.alladdresses",
    "pk": 60,
    "fields": {
        "customer": 2,
        "first_name": "Mohammad",
        "last_name": "Amaan",
        "address": "C-204,Shelter Arcade,Plot-26,sec-42,Nerul",
        "phonenumber": "+919167389505",
        "city": "Thane",
        "state": "Maharashtra",
        "zipcode": "400706",
        "date_added": "2021-06-11",
        "mainaddressmodel": 100
    }
},
{
    "model": "store.alladdresses",
    "pk": 61,
    "fields": {
        "customer": 2,
        "first_name": "Mohammad",
        "last_name": "+91",
        "address": "C-204,Shelter Arcade,Plot-26,sec-42,Nerul,Navi Mumbai",
        "phonenumber": "+919167389505",
        "city": "Thane",
        "state": "Maharashtra",
        "zipcode": "400706",
        "date_added": "2021-06-12",
        "mainaddressmodel": null
    }
},
{
    "model": "store.alladdresses",
    "pk": 62,
    "fields": {
        "customer": 2,
        "first_name": "Mohammad",
        "last_name": "Amaan",
        "address": "C-204,Shelter Arcade,Plot-26,sec-42,Nerul",
        "phonenumber": "+919167389505",
        "city": "Thane",
        "state": "Maharashtra",
        "zipcode": "400706",
        "date_added": "2021-06-12",
        "mainaddressmodel": 102
    }
},
{
    "model": "store.alladdresses",
    "pk": 63,
    "fields": {
        "customer": 1,
        "first_name": "Faizan",
        "last_name": "Ansari",
        "address": "Room-2,Block-8,Transit camp, Byculla Station road(w), Sushanthi Church, Mumbai",
        "phonenumber": "09930003985",
        "city": "MUMBAI",
        "state": "Maharashtra",
        "zipcode": "400011",
        "date_added": "2021-06-27",
        "mainaddressmodel": null
    }
},
{
    "model": "store.alladdresses",
    "pk": 64,
    "fields": {
        "customer": 10,
        "first_name": "Atul",
        "last_name": "Rathour",
        "address": "1005 A wing Lotus, AND Agasan Diva",
        "phonenumber": "9699613395",
        "city": "Thane",
        "state": "Maharashtra",
        "zipcode": "400612",
        "date_added": "2021-07-02",
        "mainaddressmodel": 104
    }
},
{
    "model": "store.alladdresses",
    "pk": 65,
    "fields": {
        "customer": 11,
        "first_name": "Gaurav",
        "last_name": "Rai",
        "address": "410,ganesh krupa soc,ganesh wadi,opp korum mall,nitin company,thane(w)",
        "phonenumber": "8692983343",
        "city": "Azamgarg",
        "state": "Meghalaya",
        "zipcode": "5545",
        "date_added": "2021-07-04",
        "mainaddressmodel": 105
    }
},
{
    "model": "store.alladdresses",
    "pk": 66,
    "fields": {
        "customer": 12,
        "first_name": "Sheeba",
        "last_name": "Parveen",
        "address": "J.21/268A Rasoolpura jaitpura",
        "phonenumber": "08423449133",
        "city": "Varanasi",
        "state": "Uttar Pradesh",
        "zipcode": "221001",
        "date_added": "2021-07-05",
        "mainaddressmodel": null
    }
},
{
    "model": "store.alladdresses",
    "pk": 67,
    "fields": {
        "customer": 12,
        "first_name": "Sheeba",
        "last_name": "Parveen",
        "address": "J.21/269A Rasoolpura jaitpura",
        "phonenumber": "08423449133",
        "city": "Varanasi",
        "state": "Uttar Pradesh",
        "zipcode": "221001",
        "date_added": "2021-07-05",
        "mainaddressmodel": 106
    }
},
{
    "model": "store.alladdresses",
    "pk": 68,
    "fields": {
        "customer": 13,
        "first_name": "Vardman",
        "last_name": "Sidhu",
        "address": "Railway COlony",
        "phonenumber": "8928247542",
        "city": "Mumbai",
        "state": "Maharashtra",
        "zipcode": "400012",
        "date_added": "2021-07-06",
        "mainaddressmodel": 107
    }
},
{
    "model": "store.alladdresses",
    "pk": 69,
    "fields": {
        "customer": 14,
        "first_name": "Ajinkya",
        "last_name": "Thakur",
        "address": "xyz",
        "phonenumber": "1237895648",
        "city": "Mumbai",
        "state": "Maharashtra",
        "zipcode": "421201",
        "date_added": "2021-07-08",
        "mainaddressmodel": 108
    }
},
{
    "model": "store.alladdresses",
    "pk": 70,
    "fields": {
        "customer": 1,
        "first_name": "Amaan",
        "last_name": "Ansari",
        "address": "Room-2,Block-8,Transit camp, Byculla Station road(w), Sushanthi Church, Mumbai",
        "phonenumber": "09930003985",
        "city": "MUMBAI",
        "state": "Maharashtra",
        "zipcode": "400011",
        "date_added": "2021-08-21",
        "mainaddressmodel": null
    }
},
{
    "model": "store.alladdresses",
    "pk": 71,
    "fields": {
        "customer": 1,
        "first_name": "Mohammad",
        "last_name": "Amaan",
        "address": "C-204,Shelter Arcade,Plot-26,sec-42,Nerul",
        "phonenumber": "+919167389505",
        "city": "Thane",
        "state": "Maharashtra",
        "zipcode": "400706",
        "date_added": "2021-08-21",
        "mainaddressmodel": 109
    }
},
{
    "model": "store.alladdresses",
    "pk": 72,
    "fields": {
        "customer": 1,
        "first_name": "Mohammad",
        "last_name": "+91",
        "address": "C-204,Shelter Arcade,Plot-26,sec-42,Nerul,Navi Mumbai",
        "phonenumber": "+919167389505",
        "city": "Thane",
        "state": "Maharashtra",
        "zipcode": "400706",
        "date_added": "2021-08-21",
        "mainaddressmodel": 110
    }
},
{
    "model": "store.order",
    "pk": 1004,
    "fields": {
        "customer": 1,
        "date_orderd": "2021-07-02",
        "status": "Order Processing",
        "complete": true,
        "total": "980.00",
        "tax": "49.00",
        "grandtotal": "1029.00",
        "transaction_id": "20210702111212800110168373102779574",
        "address": 58
    }
},
{
    "model": "store.order",
    "pk": 1005,
    "fields": {
        "customer": 1,
        "date_orderd": "2021-07-02",
        "status": "Order Processing",
        "complete": true,
        "total": "1500.00",
        "tax": "75.00",
        "grandtotal": "1575.00",
        "transaction_id": "20210702111212800110168380902749504",
        "address": 58
    }
},
{
    "model": "store.order",
    "pk": 1007,
    "fields": {
        "customer": 1,
        "date_orderd": "2021-07-03",
        "status": "Order Processing",
        "complete": true,
        "total": "1499.00",
        "tax": "74.95",
        "grandtotal": "1573.95",
        "transaction_id": "20210703111212800110168400502778210",
        "address": 58
    }
},
{
    "model": "store.order",
    "pk": 1008,
    "fields": {
        "customer": 10,
        "date_orderd": "2021-07-02",
        "status": "Order Processing",
        "complete": true,
        "total": "9000.00",
        "tax": "450.00",
        "grandtotal": "9450.00",
        "transaction_id": "20210702111212800110168410602759036",
        "address": 64
    }
},
{
    "model": "store.order",
    "pk": 1009,
    "fields": {
        "customer": 10,
        "date_orderd": "2021-07-02",
        "status": null,
        "complete": false,
        "total": "0.00",
        "tax": "0.00",
        "grandtotal": "0.00",
        "transaction_id": null,
        "address": null
    }
},
{
    "model": "store.order",
    "pk": 1010,
    "fields": {
        "customer": 1,
        "date_orderd": "2021-07-03",
        "status": "Order Processing",
        "complete": true,
        "total": "2500.00",
        "tax": "125.00",
        "grandtotal": "2625.00",
        "transaction_id": "20210703111212800110168642002776464",
        "address": 58
    }
},
{
    "model": "store.order",
    "pk": 1011,
    "fields": {
        "customer": 1,
        "date_orderd": "2021-07-04",
        "status": "Order Processing",
        "complete": true,
        "total": "3799.00",
        "tax": "189.95",
        "grandtotal": "3988.95",
        "transaction_id": "20210704111212800110168656402783942",
        "address": 58
    }
},
{
    "model": "store.order",
    "pk": 1014,
    "fields": {
        "customer": 11,
        "date_orderd": "2021-07-04",
        "status": "Order Processing",
        "complete": true,
        "total": "7500.00",
        "tax": "375.00",
        "grandtotal": "7875.00",
        "transaction_id": "20210704111212800110168687702742591",
        "address": 65
    }
},
{
    "model": "store.order",
    "pk": 1015,
    "fields": {
        "customer": 11,
        "date_orderd": "2021-07-04",
        "status": null,
        "complete": false,
        "total": "0.00",
        "tax": "0.00",
        "grandtotal": "0.00",
        "transaction_id": null,
        "address": null
    }
},
{
    "model": "store.order",
    "pk": 1017,
    "fields": {
        "customer": 1,
        "date_orderd": "2021-07-05",
        "status": "Order Processing",
        "complete": true,
        "total": "4500.00",
        "tax": "225.00",
        "grandtotal": "4725.00",
        "transaction_id": "20210705111212800110168715202759223",
        "address": 63
    }
},
{
    "model": "store.order",
    "pk": 1019,
    "fields": {
        "customer": 12,
        "date_orderd": "2021-07-05",
        "status": "Order Processing",
        "complete": true,
        "total": "500.00",
        "tax": "25.00",
        "grandtotal": "525.00",
        "transaction_id": "20210705111212800110168737902782278",
        "address": 67
    }
},
{
    "model": "store.order",
    "pk": 1020,
    "fields": {
        "customer": 12,
        "date_orderd": "2021-07-05",
        "status": null,
        "complete": false,
        "total": "0.00",
        "tax": "0.00",
        "grandtotal": "0.00",
        "transaction_id": null,
        "address": null
    }
},
{
    "model": "store.order",
    "pk": 1021,
    "fields": {
        "customer": 1,
        "date_orderd": "2021-07-06",
        "status": "Order Processing",
        "complete": true,
        "total": "2000.00",
        "tax": "100.00",
        "grandtotal": "2100.00",
        "transaction_id": "20210706111212800110168963402770649",
        "address": 58
    }
},
{
    "model": "store.order",
    "pk": 1023,
    "fields": {
        "customer": 13,
        "date_orderd": "2021-07-06",
        "status": "Order Processing",
        "complete": true,
        "total": "2000.00",
        "tax": "100.00",
        "grandtotal": "2100.00",
        "transaction_id": "20210706111212800110168985302772223",
        "address": 68
    }
},
{
    "model": "store.order",
    "pk": 1024,
    "fields": {
        "customer": 13,
        "date_orderd": "2021-07-06",
        "status": null,
        "complete": false,
        "total": "0.00",
        "tax": "0.00",
        "grandtotal": "0.00",
        "transaction_id": null,
        "address": null
    }
},
{
    "model": "store.order",
    "pk": 1025,
    "fields": {
        "customer": 1,
        "date_orderd": "2021-07-07",
        "status": "Order Processing",
        "complete": true,
        "total": "1799.00",
        "tax": "89.95",
        "grandtotal": "1888.95",
        "transaction_id": "20210707111212800110168000502773851",
        "address": 58
    }
},
{
    "model": "store.order",
    "pk": 1026,
    "fields": {
        "customer": 1,
        "date_orderd": "2021-08-21",
        "status": null,
        "complete": false,
        "total": "0.00",
        "tax": "0.00",
        "grandtotal": "0.00",
        "transaction_id": null,
        "address": 63
    }
},
{
    "model": "store.order",
    "pk": 1027,
    "fields": {
        "customer": 14,
        "date_orderd": "2021-07-08",
        "status": "Order Processing",
        "complete": true,
        "total": "5000.00",
        "tax": "250.00",
        "grandtotal": "5250.00",
        "transaction_id": "20210708111212800110168020404204744",
        "address": 69
    }
},
{
    "model": "store.order",
    "pk": 1028,
    "fields": {
        "customer": 14,
        "date_orderd": "2021-07-08",
        "status": null,
        "complete": false,
        "total": "0.00",
        "tax": "0.00",
        "grandtotal": "0.00",
        "transaction_id": null,
        "address": null
    }
},
{
    "model": "store.orderitem",
    "pk": 644,
    "fields": {
        "customer": 1,
        "product": 5,
        "order": 1004,
        "quantity": 2,
        "sp": "980.00",
        "date_added": "2021-07-02T16:43:11.621Z"
    }
},
{
    "model": "store.orderitem",
    "pk": 645,
    "fields": {
        "customer": 1,
        "product": 12,
        "order": 1005,
        "quantity": 1,
        "sp": "1500.00",
        "date_added": "2021-07-02T18:16:40.697Z"
    }
},
{
    "model": "store.orderitem",
    "pk": 647,
    "fields": {
        "customer": 10,
        "product": 11,
        "order": 1008,
        "quantity": 5,
        "sp": "9000.00",
        "date_added": "2021-07-02T18:21:01.955Z"
    }
},
{
    "model": "store.orderitem",
    "pk": 652,
    "fields": {
        "customer": 1,
        "product": 6,
        "order": 1007,
        "quantity": 1,
        "sp": "1499.00",
        "date_added": "2021-07-03T14:18:06.803Z"
    }
},
{
    "model": "store.orderitem",
    "pk": 653,
    "fields": {
        "customer": 1,
        "product": 4,
        "order": 1010,
        "quantity": 1,
        "sp": "2500.00",
        "date_added": "2021-07-03T14:55:19.603Z"
    }
},
{
    "model": "store.orderitem",
    "pk": 655,
    "fields": {
        "customer": 1,
        "product": 2,
        "order": 1011,
        "quantity": 1,
        "sp": "2000.00",
        "date_added": "2021-07-03T17:51:49.233Z"
    }
},
{
    "model": "store.orderitem",
    "pk": 656,
    "fields": {
        "customer": 1,
        "product": 13,
        "order": 1011,
        "quantity": 1,
        "sp": "1799.00",
        "date_added": "2021-07-03T20:16:43.500Z"
    }
},
{
    "model": "store.orderitem",
    "pk": 659,
    "fields": {
        "customer": 11,
        "product": 3,
        "order": 1014,
        "quantity": 3,
        "sp": "6000.00",
        "date_added": "2021-07-04T05:36:47.935Z"
    }
},
{
    "model": "store.orderitem",
    "pk": 661,
    "fields": {
        "customer": 11,
        "product": 12,
        "order": 1014,
        "quantity": 1,
        "sp": "1500.00",
        "date_added": "2021-07-04T05:42:34.630Z"
    }
},
{
    "model": "store.orderitem",
    "pk": 662,
    "fields": {
        "customer": 1,
        "product": 2,
        "order": 1017,
        "quantity": 1,
        "sp": "2000.00",
        "date_added": "2021-07-04T07:54:58.521Z"
    }
},
{
    "model": "store.orderitem",
    "pk": 666,
    "fields": {
        "customer": 1,
        "product": 4,
        "order": 1017,
        "quantity": 1,
        "sp": "2500.00",
        "date_added": "2021-07-05T05:00:15.165Z"
    }
},
{
    "model": "store.orderitem",
    "pk": 668,
    "fields": {
        "customer": 1,
        "product": 2,
        "order": 1021,
        "quantity": 1,
        "sp": "2000.00",
        "date_added": "2021-07-05T07:52:44.713Z"
    }
},
{
    "model": "store.orderitem",
    "pk": 669,
    "fields": {
        "customer": 12,
        "product": 8,
        "order": 1019,
        "quantity": 1,
        "sp": "500.00",
        "date_added": "2021-07-05T08:26:42.789Z"
    }
},
{
    "model": "store.orderitem",
    "pk": 678,
    "fields": {
        "customer": 13,
        "product": 3,
        "order": 1023,
        "quantity": 1,
        "sp": "2000.00",
        "date_added": "2021-07-06T14:04:03.092Z"
    }
},
{
    "model": "store.orderitem",
    "pk": 680,
    "fields": {
        "customer": 1,
        "product": 13,
        "order": 1025,
        "quantity": 1,
        "sp": "1799.00",
        "date_added": "2021-07-06T19:35:25.134Z"
    }
},
{
    "model": "store.orderitem",
    "pk": 683,
    "fields": {
        "customer": 11,
        "product": 2,
        "order": 1015,
        "quantity": 4,
        "sp": "0.00",
        "date_added": "2021-07-08T04:41:27.906Z"
    }
},
{
    "model": "store.orderitem",
    "pk": 685,
    "fields": {
        "customer": 14,
        "product": 4,
        "order": 1027,
        "quantity": 2,
        "sp": "5000.00",
        "date_added": "2021-07-08T14:15:55.020Z"
    }
},
{
    "model": "store.orderitem",
    "pk": 694,
    "fields": {
        "customer": 1,
        "product": 2,
        "order": 1026,
        "quantity": 2,
        "sp": "0.00",
        "date_added": "2021-08-21T18:33:04.869Z"
    }
},
{
    "model": "store.contactus",
    "pk": 24,
    "fields": {
        "firstname": "Atul",
        "lastname": "Rathour",
        "email": "mdamaan00@gmail.com",
        "response": "hello this is new feedback\r\n",
        "date_added": "2021-06-02T14:44:31.455Z"
    }
},
{
    "model": "store.contactus",
    "pk": 25,
    "fields": {
        "firstname": "Mohammad",
        "lastname": "Arif",
        "email": "mdamaan00@gmail.com",
        "response": "Nice",
        "date_added": "2021-06-02T19:18:36.207Z"
    }
},
{
    "model": "store.contactus",
    "pk": 26,
    "fields": {
        "firstname": "Mohammad",
        "lastname": "Amaan",
        "email": "mdamaan00@gmail.com",
        "response": "good",
        "date_added": "2021-06-02T19:21:03.410Z"
    }
},
{
    "model": "store.contactus",
    "pk": 27,
    "fields": {
        "firstname": "vardman",
        "lastname": "sidhu",
        "email": "vardhman.sidhu@gmail.com",
        "response": "I would like to purchase in bulk\r\n",
        "date_added": "2021-07-06T13:59:43.874Z"
    }
}
]
